club,ground,town,postcode,region,lat,lng,geo_source,gap_km,ground_hit,postcode_hit
Aberystwyth Town,Park Avenue,Aberystwyth,SY23 1PG,Mid,52.4115422,-4.0802674,ground,0.1,"Park Avenue, Aberystwyth, Ceredigion, Cymru / Wales, SY23 1PF, United ","SY23 1PG, Aberystwyth, Ceredigion, Cymru / Wales, United Kingdom"
Airbus UK Broughton,The Airfield,Broughton,CH4 0DR,North,53.17202,-2.97965,postcode,,,"CH4 0DR, Broughton and Bretton, Broughton, Flintshire, Cymru / Wales, "
Ammanford AFC,Rice Road,Ammanford,SA18 2DL,South,51.79754,-3.99634,postcode,,,"SA18 2DL, Ammanford, Sir Gaerfyrddin / Carmarthenshire, Cymru / Wales,"
Bala Town,Maes Tegid,Bala,LL23 7NG,North,52.9124256,-3.6014997,ground,0.5,"Maes Tegid, Castle Street, Bala, Y Bala, Gwynedd, Cymru / Wales, LL23 ","LL23 7NG, Bala, Y Bala, Gwynedd, Cymru / Wales, United Kingdom"
Barry Town United,Jenner Park,Barry,CF62 8DL,South,51.4109137,-3.2657803,ground,0.8,"Jenner Park, Barry Road, Gibbonsdown, Barry, Vale of Glamorgan, Cymru ","CF62 8DL, Barry, Vale of Glamorgan, Cymru / Wales, United Kingdom"
Briton Ferry Llansawel,Old Road,Briton Ferry,SA11 2ET,South,51.6241253,-3.8178323,ground,2.1,"Old Road, Briton Ferry, Baglan, Neath Port Talbot, Cymru / Wales, SA12","SA11 2ET, Briton Ferry, Neath Port Talbot, Cymru / Wales, United Kingd"
Caernarfon Town,The Oval,Caernarfon,LL55 1EN,North,53.1346589,-4.2674794,ground,1.6,"Yr Oval, Stryd Marcws, Caernarfon, Caeathro, Caernarfon, Gwynedd, Cymr","LL55 1EN, Caernarfon, Caeathro, Caernarfon, Gwynedd, Cymru / Wales, Un"
Cambrian United,King George's New Field,Clydach Vale,CF40 2BW,South,51.62648,-3.48129,postcode,,,"CF40 2BW, Cwm Clydach, Rhondda Cynon Taf, Cymru / Wales, United Kingdo"
Cardiff Metropolitan University,Cyncoed Campus,Cardiff,CF23 6XD,South,51.5108011,-3.1621987,ground,0.0,"Cyncoed Campus Library, Caer Cady Close, Lakeside, Cyncoed, Cardiff, C","CF23 6XD, Cyncoed, Cardiff, Cymru / Wales, United Kingdom"
Carmarthen Town,Richmond Park,Carmarthen,SA31 3BQ,South,51.860652,-4.3008576,ground,0.9,"Richmond Park School, Clos y Deri, Johnstown, Carmarthen, Sir Gaerfyrd","SA31 3BQ, Carmarthen, Sir Gaerfyrddin / Carmarthenshire, Cymru / Wales"
Cefn Druids,The Rock,Cefn Mawr,LL14 3YD,North,52.9742276,-3.0699165,postcode LL14 3YD (manual fix),0.0,"LL14 3YD, Cefn, Wrexham","Internet Archive (UK), Rounds Green Road, Black Country House, Little "
Colwyn Bay,Llanelian Road,Old Colwyn,LL29 8UN,North,53.2765046,-3.7014523,ground,0.7,"Ffordd Llaneilian, Betws yn Rhos, Old Colwyn, Conwy, Cymru / Wales, LL","LL29 8UN, Old Colwyn, Conwy, Cymru / Wales, United Kingdom"
Connah's Quay Nomads,Deeside Stadium,Connah's Quay,CH5 4HN,North,53.225118,-3.0767897,ground,2.3,"Deeside Stadium, Kelsterton Road, Kelsterton, Connah's Quay, Flintshir","CH5 4HN, Connah's Quay, Flintshire, Cymru / Wales, United Kingdom"
Flint Town United,Cae-y-Castell,Flint,CH6 5RN,North,53.24923,-3.1257927,ground,1.6,"Cae-y-Castell, Marsh Lane, Flint, Flintshire, Cymru / Wales, CH6 5PJ, ","CH6 5RN, Flint, Flintshire, Cymru / Wales, United Kingdom"
Haverfordwest County,Bridge Meadow,Haverfordwest,SA61 2EX,South,51.8092116,-4.9675328,ground,0.3,"Bridge Meadow Stadium, Well Lane, Withybush, Haverfordwest, Pembrokesh","SA61 2EX, Haverfordwest, Pembrokeshire, Cymru / Wales, United Kingdom"
Holywell Town,Halkyn Road,Holywell,CH8 7SL,North,53.2620423,-3.2102181,ground,1.1,"Halkyn Road, Holywell, Milwr, Flintshire, Cymru / Wales, CH8 7SE, Unit","CH8 7SL, Holywell, Greenfield, Flintshire, Cymru / Wales, United Kingd"
Llandudno FC,Maesdu Park,Llandudno,LL30 1PL,North,53.3157606,-3.8297452,ground,1.2,"Parc Maesdu, Builder Street West, Craig-y-don, Llandudno, Deganwy, Lla","LL30 1PL, Conwy, Cymru / Wales, United Kingdom"
Llanelli Town AFC,Stebonheath Park,Llanelli,SA15 1EY,South,51.6837851,-4.1478403,ground,0.0,"Stebonheath Park, Evans' Terrace, Box, Llanelli, Sir Gaerfyrddin / Car","SA15 1EY, Llanelli, Sir Gaerfyrddin / Carmarthenshire, Cymru / Wales, "
Newtown AFC,Latham Park,Newtown,SY16 1EN,Mid,52.5115196,-3.3227879,ground,0.1,"Latham Park, Park Lane, Trehafren, Newtown and Llanllwchaiarn, Newtown","SY16 1EN, Newtown and Llanllwchaiarn, Newtown, Powys, Cymru / Wales, U"
Penybont FC,Bryntirion Park,Bridgend,CF31 4JZ,South,51.5127492,-3.6089016,ground,1.2,"Bryntirion Park, Banc yr Allt, Laleston, Bryntirion, Bridgend, Cymru /","CF31 4JZ, Bridgend, Cymru / Wales, United Kingdom"
Pontypridd United,USW Sport Park,Treforest,CF37 1DL,South,51.5887238,-3.3282413,postcode,,,"CF37 1DL, Pontypridd, Rhondda Cynon Taf, Cymru / Wales, United Kingdom"
The New Saints,Park Hall,Oswestry,SY11 4AS,North,52.8753854,-3.0264184,ground,0.0,"Clwb Pêl-droed y Seintiau Newydd, Burma Road, Park Hall, Oswestry, Shr","SY11 4AS, Whittington, Shropshire, England, United Kingdom"
Trefelin Boys & Girls Club,Ynys Park,Port Talbot,SA13 1YR,South,51.6067128,-3.7725382,ground,0.8,"Ynys Park, Heol Cwmafan, Corlannau, Port Talbot, Neath Port Talbot, Cy","SA13 1YR, Port Talbot, Neath Port Talbot, Cymru / Wales, United Kingdo"
