id,season,date,round,home,away,attendance,kickoff,homeScore,awayScore,temp,rain,wind,source,provenance,weatherSource,reviewed,day,week,weather,slot
2026-2027-2026-07-31-Barry Town United,2026-2027,2026-07-31,1,Barry Town United,Cambrian United,823.0,19:45,2.0,1.0,18.7,0.0,27.2,https://everythingwelshfootball.club/downloads/matches.csv,Frozen study extract · Football Web Pages / Transfermarkt,Frozen study extract · Open-Meteo,2026-09-09,Friday,2026-07-27,Dry,Evening
2026-2027-2026-07-31-Briton Ferry Llansawel,2026-2027,2026-07-31,1,Briton Ferry Llansawel,Ammanford AFC,1185.0,19:45,2.0,1.0,19.3,0.0,12.6,https://everythingwelshfootball.club/downloads/matches.csv,Frozen study extract · Football Web Pages / Transfermarkt,Frozen study extract · Open-Meteo,2026-09-09,Friday,2026-07-27,Dry,Evening
2026-2027-2026-07-31-Colwyn Bay,2026-2027,2026-07-31,1,Colwyn Bay,Trefelin Boys & Girls Club,1039.0,19:45,2.0,0.0,16.7,0.0,15.2,https://everythingwelshfootball.club/downloads/matches.csv,Frozen study extract · Football Web Pages / Transfermarkt,Frozen study extract · Open-Meteo,2026-09-09,Friday,2026-07-27,Dry,Evening
2026-2027-2026-07-31-Llandudno FC,2026-2027,2026-07-31,1,Llandudno FC,Flint Town United,614.0,19:45,3.0,2.0,17.7,0.0,15.2,https://everythingwelshfootball.club/downloads/matches.csv,Frozen study extract · Football Web Pages / Transfermarkt,Frozen study extract · Open-Meteo,2026-09-09,Friday,2026-07-27,Dry,Evening
2026-2027-2026-08-01-Cardiff Metropolitan University,2026-2027,2026-08-01,1,Cardiff Metropolitan University,Holywell Town,342.0,14:30,6.0,1.0,22.1,0.0,12.1,https://everythingwelshfootball.club/downloads/matches.csv,Frozen study extract · Football Web Pages / Transfermarkt,Frozen study extract · Open-Meteo,2026-09-09,Saturday,2026-07-27,Dry,Afternoon
2026-2027-2026-08-01-Haverfordwest County,2026-2027,2026-08-01,1,Haverfordwest County,Airbus UK Broughton,603.0,14:30,0.0,1.0,18.4,0.0,15.0,https://everythingwelshfootball.club/downloads/matches.csv,Frozen study extract · Football Web Pages / Transfermarkt,Frozen study extract · Open-Meteo,2026-09-09,Saturday,2026-07-27,Dry,Afternoon
2026-2027-2026-08-02-Connah's Quay Nomads,2026-2027,2026-08-02,1,Connah's Quay Nomads,Caernarfon Town,603.0,14:30,1.0,2.0,21.9,0.0,5.5,https://everythingwelshfootball.club/downloads/matches.csv,Frozen study extract · Football Web Pages / Transfermarkt,Frozen study extract · Open-Meteo,2026-09-09,Sunday,2026-07-27,Dry,Afternoon
2026-2027-2026-08-02-Penybont FC,2026-2027,2026-08-02,1,Penybont FC,The New Saints,875.0,14:30,0.0,0.0,23.3,0.0,9.6,https://everythingwelshfootball.club/downloads/matches.csv,Frozen study extract · Football Web Pages / Transfermarkt,Frozen study extract · Open-Meteo,2026-09-09,Sunday,2026-07-27,Dry,Afternoon
2026-2027-2026-08-07-Airbus UK Broughton,2026-2027,2026-08-07,2,Airbus UK Broughton,Cardiff Metropolitan University,260.0,19:45,0.0,2.0,19.4,0.0,13.4,https://everythingwelshfootball.club/downloads/matches.csv,Frozen study extract · Football Web Pages / Transfermarkt,Frozen study extract · Open-Meteo,2026-09-09,Friday,2026-08-03,Dry,Evening
2026-2027-2026-08-07-Ammanford AFC,2026-2027,2026-08-07,2,Ammanford AFC,Colwyn Bay,812.0,19:45,2.0,2.0,18.8,0.0,7.8,https://everythingwelshfootball.club/downloads/matches.csv,Frozen study extract · Football Web Pages / Transfermarkt,Frozen study extract · Open-Meteo,2026-09-09,Friday,2026-08-03,Dry,Evening
2026-2027-2026-08-07-Caernarfon Town,2026-2027,2026-08-07,2,Caernarfon Town,Penybont FC,1379.0,19:45,1.0,2.0,18.1,0.0,13.7,https://everythingwelshfootball.club/downloads/matches.csv,Frozen study extract · Football Web Pages / Transfermarkt,Frozen study extract · Open-Meteo,2026-09-09,Friday,2026-08-03,Dry,Evening
2026-2027-2026-08-07-Cambrian United,2026-2027,2026-08-07,2,Cambrian United,Briton Ferry Llansawel,847.0,19:45,1.0,1.0,18.2,0.0,8.7,https://everythingwelshfootball.club/downloads/matches.csv,Frozen study extract · Football Web Pages / Transfermarkt,Frozen study extract · Open-Meteo,2026-09-09,Friday,2026-08-03,Dry,Evening
2026-2027-2026-08-07-Flint Town United,2026-2027,2026-08-07,2,Flint Town United,Barry Town United,434.0,19:45,2.0,3.0,18.5,0.0,8.4,https://everythingwelshfootball.club/downloads/matches.csv,Frozen study extract · Football Web Pages / Transfermarkt,Frozen study extract · Open-Meteo,2026-09-09,Friday,2026-08-03,Dry,Evening
2026-2027-2026-08-07-Holywell Town,2026-2027,2026-08-07,2,Holywell Town,Connah's Quay Nomads,1001.0,19:45,1.0,3.0,19.0,0.0,4.4,https://everythingwelshfootball.club/downloads/matches.csv,Frozen study extract · Football Web Pages / Transfermarkt,Frozen study extract · Open-Meteo,2026-09-09,Friday,2026-08-03,Dry,Evening
2026-2027-2026-08-07-The New Saints,2026-2027,2026-08-07,2,The New Saints,Haverfordwest County,301.0,19:45,2.0,0.0,20.1,0.0,10.1,https://everythingwelshfootball.club/downloads/matches.csv,Frozen study extract · Football Web Pages / Transfermarkt,Frozen study extract · Open-Meteo,2026-09-09,Friday,2026-08-03,Dry,Evening
2026-2027-2026-08-07-Trefelin Boys & Girls Club,2026-2027,2026-08-07,2,Trefelin Boys & Girls Club,Llandudno FC,578.0,19:45,0.0,4.0,18.7,0.0,8.5,https://everythingwelshfootball.club/downloads/matches.csv,Frozen study extract · Football Web Pages / Transfermarkt,Frozen study extract · Open-Meteo,2026-09-09,Friday,2026-08-03,Dry,Evening
2026-2027-2026-08-14-Airbus UK Broughton,2026-2027,2026-08-14,3,Airbus UK Broughton,Ammanford AFC,264.0,19:45,2.0,0.0,19.6,0.0,17.1,https://everythingwelshfootball.club/downloads/matches.csv,Frozen study extract · Football Web Pages / Transfermarkt,Frozen study extract · Open-Meteo,2026-09-09,Friday,2026-08-10,Dry,Evening
2026-2027-2026-08-14-Cambrian United,2026-2027,2026-08-14,3,Cambrian United,Flint Town United,750.0,19:45,1.0,0.0,22.7,0.0,12.5,https://everythingwelshfootball.club/downloads/matches.csv,Frozen study extract · Football Web Pages / Transfermarkt,Frozen study extract · Open-Meteo,2026-09-09,Friday,2026-08-10,Dry,Evening
2026-2027-2026-08-14-Connah's Quay Nomads,2026-2027,2026-08-14,3,Connah's Quay Nomads,Trefelin Boys & Girls Club,223.0,19:45,6.0,0.0,18.7,0.0,17.1,https://everythingwelshfootball.club/downloads/matches.csv,Frozen study extract · Football Web Pages / Transfermarkt,Frozen study extract · Open-Meteo,2026-09-09,Friday,2026-08-10,Dry,Evening
2026-2027-2026-08-14-Haverfordwest County,2026-2027,2026-08-14,3,Haverfordwest County,Penybont FC,794.0,19:45,0.0,3.0,19.5,0.0,18.4,https://everythingwelshfootball.club/downloads/matches.csv,Frozen study extract · Football Web Pages / Transfermarkt,Frozen study extract · Open-Meteo,2026-09-09,Friday,2026-08-10,Dry,Evening
2026-2027-2026-08-14-Llandudno FC,2026-2027,2026-08-14,3,Llandudno FC,Holywell Town,721.0,19:45,3.0,1.0,18.2,0.0,9.2,https://everythingwelshfootball.club/downloads/matches.csv,Frozen study extract · Football Web Pages / Transfermarkt,Frozen study extract · Open-Meteo,2026-09-09,Friday,2026-08-10,Dry,Evening
2026-2027-2026-08-14-The New Saints,2026-2027,2026-08-14,3,The New Saints,Briton Ferry Llansawel,261.0,19:45,1.0,0.0,19.1,0.0,19.0,https://everythingwelshfootball.club/downloads/matches.csv,Frozen study extract · Football Web Pages / Transfermarkt,Frozen study extract · Open-Meteo,2026-09-09,Friday,2026-08-10,Dry,Evening
2026-2027-2026-08-15-Barry Town United,2026-2027,2026-08-15,3,Barry Town United,Cardiff Metropolitan University,788.0,12:30,1.0,0.0,24.5,0.0,3.4,https://everythingwelshfootball.club/downloads/matches.csv,Frozen study extract · Football Web Pages / Transfermarkt,Frozen study extract · Open-Meteo,2026-09-09,Saturday,2026-08-10,Dry,Lunchtime
2026-2027-2026-08-15-Caernarfon Town,2026-2027,2026-08-15,3,Caernarfon Town,Colwyn Bay,1352.0,17:15,3.0,0.0,17.7,0.0,13.8,https://everythingwelshfootball.club/downloads/matches.csv,Frozen study extract · Football Web Pages / Transfermarkt,Frozen study extract · Open-Meteo,2026-09-09,Saturday,2026-08-10,Dry,Evening
2026-2027-2026-08-21-Cardiff Metropolitan University,2026-2027,2026-08-21,4,Cardiff Metropolitan University,The New Saints,321.0,19:45,0.0,5.0,16.2,0.1,8.3,https://everythingwelshfootball.club/downloads/matches.csv,Frozen study extract · Football Web Pages / Transfermarkt,Frozen study extract · Open-Meteo,2026-09-09,Friday,2026-08-17,Dry,Evening
2026-2027-2026-08-21-Colwyn Bay,2026-2027,2026-08-21,4,Colwyn Bay,Airbus UK Broughton,1068.0,19:45,1.0,0.0,15.3,0.0,13.2,https://everythingwelshfootball.club/downloads/matches.csv,Frozen study extract · Football Web Pages / Transfermarkt,Frozen study extract · Open-Meteo,2026-09-09,Friday,2026-08-17,Dry,Evening
2026-2027-2026-08-21-Flint Town United,2026-2027,2026-08-21,4,Flint Town United,Briton Ferry Llansawel,320.0,19:45,0.0,1.0,16.3,0.0,12.0,https://everythingwelshfootball.club/downloads/matches.csv,Frozen study extract · Football Web Pages / Transfermarkt,Frozen study extract · Open-Meteo,2026-09-09,Friday,2026-08-17,Dry,Evening
2026-2027-2026-08-21-Haverfordwest County,2026-2027,2026-08-21,4,Haverfordwest County,Cambrian United,554.0,19:45,0.0,3.0,15.6,0.30000000000000004,11.9,https://everythingwelshfootball.club/downloads/matches.csv,Frozen study extract · Football Web Pages / Transfermarkt,Frozen study extract · Open-Meteo,2026-09-09,Friday,2026-08-17,Dry,Evening
2026-2027-2026-08-21-Holywell Town,2026-2027,2026-08-21,4,Holywell Town,Barry Town United,387.0,19:45,1.0,3.0,16.0,0.0,14.2,https://everythingwelshfootball.club/downloads/matches.csv,Frozen study extract · Football Web Pages / Transfermarkt,Frozen study extract · Open-Meteo,2026-09-09,Friday,2026-08-17,Dry,Evening
2026-2027-2026-08-21-Penybont FC,2026-2027,2026-08-21,4,Penybont FC,Llandudno FC,622.0,19:45,2.0,1.0,15.6,0.8999999999999999,5.2,https://everythingwelshfootball.club/downloads/matches.csv,Frozen study extract · Football Web Pages / Transfermarkt,Frozen study extract · Open-Meteo,2026-09-09,Friday,2026-08-17,Dry,Evening
2026-2027-2026-08-21-Trefelin Boys & Girls Club,2026-2027,2026-08-21,4,Trefelin Boys & Girls Club,Caernarfon Town,317.0,19:45,0.0,2.0,15.1,0.6,7.3,https://everythingwelshfootball.club/downloads/matches.csv,Frozen study extract · Football Web Pages / Transfermarkt,Frozen study extract · Open-Meteo,2026-09-09,Friday,2026-08-17,Dry,Evening
2026-2027-2026-08-22-Ammanford AFC,2026-2027,2026-08-22,4,Ammanford AFC,Connah's Quay Nomads,512.0,12:30,0.0,2.0,17.6,0.0,6.0,https://everythingwelshfootball.club/downloads/matches.csv,Frozen study extract · Football Web Pages / Transfermarkt,Frozen study extract · Open-Meteo,2026-09-09,Saturday,2026-08-17,Dry,Lunchtime
2026-2027-2026-08-28-Barry Town United,2026-2027,2026-08-28,5,Barry Town United,Airbus UK Broughton,669.0,19:45,4.0,2.0,18.3,1.0999999999999999,22.9,https://everythingwelshfootball.club/downloads/matches.csv,Frozen study extract · Football Web Pages / Transfermarkt,Frozen study extract · Open-Meteo,2026-09-09,Friday,2026-08-24,Wet,Evening
2026-2027-2026-08-28-Cardiff Metropolitan University,2026-2027,2026-08-28,5,Cardiff Metropolitan University,Briton Ferry Llansawel,240.0,19:45,3.0,0.0,17.7,0.2,15.8,https://everythingwelshfootball.club/downloads/matches.csv,Frozen study extract · Football Web Pages / Transfermarkt,Frozen study extract · Open-Meteo,2026-09-09,Friday,2026-08-24,Dry,Evening
2026-2027-2026-08-28-Connah's Quay Nomads,2026-2027,2026-08-28,5,Connah's Quay Nomads,Cambrian United,220.0,19:45,3.0,0.0,17.6,0.1,14.0,https://everythingwelshfootball.club/downloads/matches.csv,Frozen study extract · Football Web Pages / Transfermarkt,Frozen study extract · Open-Meteo,2026-09-09,Friday,2026-08-24,Dry,Evening
2026-2027-2026-08-28-Holywell Town,2026-2027,2026-08-28,5,Holywell Town,Caernarfon Town,610.0,19:45,3.0,5.0,17.3,0.2,13.4,https://everythingwelshfootball.club/downloads/matches.csv,Frozen study extract · Football Web Pages / Transfermarkt,Frozen study extract · Open-Meteo,2026-09-09,Friday,2026-08-24,Dry,Evening
2026-2027-2026-08-28-Llandudno FC,2026-2027,2026-08-28,5,Llandudno FC,Haverfordwest County,403.0,19:45,2.0,0.0,18.3,0.2,14.2,https://everythingwelshfootball.club/downloads/matches.csv,Frozen study extract · Football Web Pages / Transfermarkt,Frozen study extract · Open-Meteo,2026-09-09,Friday,2026-08-24,Dry,Evening
2026-2027-2026-08-28-Penybont FC,2026-2027,2026-08-28,5,Penybont FC,Flint Town United,550.0,19:45,1.0,1.0,17.5,1.0,23.3,https://everythingwelshfootball.club/downloads/matches.csv,Frozen study extract · Football Web Pages / Transfermarkt,Frozen study extract · Open-Meteo,2026-09-09,Friday,2026-08-24,Wet,Evening
2026-2027-2026-08-28-The New Saints,2026-2027,2026-08-28,5,The New Saints,Colwyn Bay,601.0,19:45,5.0,1.0,17.6,0.1,14.4,https://everythingwelshfootball.club/downloads/matches.csv,Frozen study extract · Football Web Pages / Transfermarkt,Frozen study extract · Open-Meteo,2026-09-09,Friday,2026-08-24,Dry,Evening
2026-2027-2026-08-28-Trefelin Boys & Girls Club,2026-2027,2026-08-28,5,Trefelin Boys & Girls Club,Ammanford AFC,660.0,19:45,1.0,1.0,17.1,0.7999999999999999,14.2,https://everythingwelshfootball.club/downloads/matches.csv,Frozen study extract · Football Web Pages / Transfermarkt,Frozen study extract · Open-Meteo,2026-09-09,Friday,2026-08-24,Dry,Evening
2026-2027-2026-08-31-Airbus UK Broughton,2026-2027,2026-08-31,6,Airbus UK Broughton,Holywell Town,435.0,14:30,6.0,2.0,18.0,0.4,24.2,https://everythingwelshfootball.club/downloads/matches.csv,Frozen study extract · Football Web Pages / Transfermarkt,Frozen study extract · Open-Meteo,2026-09-09,Monday,2026-08-31,Dry,Afternoon
2026-2027-2026-08-31-Ammanford AFC,2026-2027,2026-08-31,6,Ammanford AFC,Cardiff Metropolitan University,589.0,14:30,0.0,5.0,18.0,0.4,20.1,https://everythingwelshfootball.club/downloads/matches.csv,Frozen study extract · Football Web Pages / Transfermarkt,Frozen study extract · Open-Meteo,2026-09-09,Monday,2026-08-31,Dry,Afternoon
2026-2027-2026-08-31-Briton Ferry Llansawel,2026-2027,2026-08-31,6,Briton Ferry Llansawel,Barry Town United,927.0,14:30,1.0,4.0,18.2,1.3,18.8,https://everythingwelshfootball.club/downloads/matches.csv,Frozen study extract · Football Web Pages / Transfermarkt,Frozen study extract · Open-Meteo,2026-09-09,Monday,2026-08-31,Wet,Afternoon
2026-2027-2026-08-31-Cambrian United,2026-2027,2026-08-31,6,Cambrian United,Penybont FC,1100.0,14:30,2.0,2.0,17.7,0.30000000000000004,19.1,https://everythingwelshfootball.club/downloads/matches.csv,Frozen study extract · Football Web Pages / Transfermarkt,Frozen study extract · Open-Meteo,2026-09-09,Monday,2026-08-31,Dry,Afternoon
2026-2027-2026-08-31-Flint Town United,2026-2027,2026-08-31,6,Flint Town United,Connah's Quay Nomads,763.0,14:30,1.0,2.0,17.2,0.5,25.7,https://everythingwelshfootball.club/downloads/matches.csv,Frozen study extract · Football Web Pages / Transfermarkt,Frozen study extract · Open-Meteo,2026-09-09,Monday,2026-08-31,Dry,Afternoon
2026-2027-2026-08-31-Haverfordwest County,2026-2027,2026-08-31,6,Haverfordwest County,Trefelin Boys & Girls Club,703.0,14:30,2.0,1.0,16.9,0.0,20.7,https://everythingwelshfootball.club/downloads/matches.csv,Frozen study extract · Football Web Pages / Transfermarkt,Frozen study extract · Open-Meteo,2026-09-09,Monday,2026-08-31,Dry,Afternoon
2026-2027-2026-08-31-Caernarfon Town,2026-2027,2026-08-31,6,Caernarfon Town,The New Saints,1392.0,15:00,2.0,3.0,16.8,0.30000000000000004,21.9,https://everythingwelshfootball.club/downloads/matches.csv,Frozen study extract · Football Web Pages / Transfermarkt,Frozen study extract · Open-Meteo,2026-09-09,Monday,2026-08-31,Dry,Afternoon
2026-2027-2026-08-31-Colwyn Bay,2026-2027,2026-08-31,6,Colwyn Bay,Llandudno FC,2037.0,17:15,2.0,0.0,15.7,0.8,21.6,https://everythingwelshfootball.club/downloads/matches.csv,Frozen study extract · Football Web Pages / Transfermarkt,Frozen study extract · Open-Meteo,2026-09-09,Monday,2026-08-31,Dry,Evening
2026-2027-2026-09-04-Briton Ferry Llansawel,2026-2027,2026-09-04,7,Briton Ferry Llansawel,Airbus UK Broughton,421.0,19:45,0.0,2.0,16.3,0.0,16.0,https://everythingwelshfootball.club/downloads/matches.csv,Frozen study extract · Football Web Pages / Transfermarkt,Frozen study extract · Open-Meteo,2026-09-09,Friday,2026-08-31,Dry,Evening
2026-2027-2026-09-04-Caernarfon Town,2026-2027,2026-09-04,7,Caernarfon Town,Flint Town United,1199.0,19:45,3.0,0.0,15.6,0.9,24.0,https://everythingwelshfootball.club/downloads/matches.csv,Frozen study extract · Football Web Pages / Transfermarkt,Frozen study extract · Open-Meteo,2026-09-09,Friday,2026-08-31,Dry,Evening
2026-2027-2026-09-04-Cardiff Metropolitan University,2026-2027,2026-09-04,7,Cardiff Metropolitan University,Cambrian United,359.0,19:45,2.0,2.0,15.9,0.0,16.8,https://everythingwelshfootball.club/downloads/matches.csv,Frozen study extract · Football Web Pages / Transfermarkt,Frozen study extract · Open-Meteo,2026-09-09,Friday,2026-08-31,Dry,Evening
2026-2027-2026-09-04-Connah's Quay Nomads,2026-2027,2026-09-04,7,Connah's Quay Nomads,Haverfordwest County,262.0,19:45,1.0,1.0,16.4,0.0,19.3,https://everythingwelshfootball.club/downloads/matches.csv,Frozen study extract · Football Web Pages / Transfermarkt,Frozen study extract · Open-Meteo,2026-09-09,Friday,2026-08-31,Dry,Evening
2026-2027-2026-09-04-Holywell Town,2026-2027,2026-09-04,7,Holywell Town,Trefelin Boys & Girls Club,402.0,19:45,1.0,1.0,15.8,0.0,21.0,https://everythingwelshfootball.club/downloads/matches.csv,Frozen study extract · Football Web Pages / Transfermarkt,Frozen study extract · Open-Meteo,2026-09-09,Friday,2026-08-31,Dry,Evening
2026-2027-2026-09-04-Llandudno FC,2026-2027,2026-09-04,7,Llandudno FC,Ammanford AFC,324.0,19:45,2.0,0.0,16.3,0.4,22.9,https://everythingwelshfootball.club/downloads/matches.csv,Frozen study extract · Football Web Pages / Transfermarkt,Frozen study extract · Open-Meteo,2026-09-09,Friday,2026-08-31,Dry,Evening
2026-2027-2026-09-05-Penybont FC,2026-2027,2026-09-05,7,Penybont FC,Colwyn Bay,441.0,12:30,1.0,0.0,16.5,0.0,14.0,https://everythingwelshfootball.club/downloads/matches.csv,Frozen study extract · Football Web Pages / Transfermarkt,Frozen study extract · Open-Meteo,2026-09-09,Saturday,2026-08-31,Dry,Lunchtime
2026-2027-2026-09-05-The New Saints,2026-2027,2026-09-05,7,The New Saints,Barry Town United,412.0,17:15,1.0,0.0,17.4,0.0,12.2,https://everythingwelshfootball.club/downloads/matches.csv,Frozen study extract · Football Web Pages / Transfermarkt,Frozen study extract · Open-Meteo,2026-09-09,Saturday,2026-08-31,Dry,Evening
fwp-576586,2026-2027,2026-09-11,8,Airbus UK Broughton,The New Saints,340.0,19:45,0.0,2.0,15.0,0.0,8.0,https://www.footballwebpages.co.uk/match/2026-2027/cymru-premier/airbus-uk-broughton/the-new-saints/576586,Football Web Pages,https://archive-api.open-meteo.com/v1/archive?latitude=53.17202&longitude=-2.97965&start_date=2026-09-11&end_date=2026-09-19&hourly=temperature_2m%2Cprecipitation%2Cwind_speed_10m&timezone=Europe%2FLondon,2026-09-20,Friday,2026-09-07,Dry,Evening
fwp-576587,2026-2027,2026-09-11,8,Ammanford AFC,Caernarfon Town,524.0,19:45,0.0,5.0,16.4,0.4,4.0,https://www.footballwebpages.co.uk/match/2026-2027/cymru-premier/ammanford/caernarfon-town/576587,Football Web Pages,https://archive-api.open-meteo.com/v1/archive?latitude=51.79754&longitude=-3.99634&start_date=2026-09-11&end_date=2026-09-19&hourly=temperature_2m%2Cprecipitation%2Cwind_speed_10m&timezone=Europe%2FLondon,2026-09-20,Friday,2026-09-07,Dry,Evening
fwp-576588,2026-2027,2026-09-11,8,Barry Town United,Llandudno FC,693.0,19:45,4.0,1.0,16.8,0.0,18.2,https://www.footballwebpages.co.uk/match/2026-2027/cymru-premier/barry-town-united/llandudno/576588,Football Web Pages,https://archive-api.open-meteo.com/v1/archive?latitude=51.4109137&longitude=-3.2657803&start_date=2026-09-11&end_date=2026-09-19&hourly=temperature_2m%2Cprecipitation%2Cwind_speed_10m&timezone=Europe%2FLondon,2026-09-20,Friday,2026-09-07,Dry,Evening
fwp-576589,2026-2027,2026-09-11,8,Cambrian United,Holywell Town,572.0,19:45,2.0,1.0,15.2,0.0,11.9,https://www.footballwebpages.co.uk/match/2026-2027/cymru-premier/cambrian-united/holywell-town/576589,Football Web Pages,https://archive-api.open-meteo.com/v1/archive?latitude=51.62648&longitude=-3.48129&start_date=2026-09-11&end_date=2026-09-19&hourly=temperature_2m%2Cprecipitation%2Cwind_speed_10m&timezone=Europe%2FLondon,2026-09-20,Friday,2026-09-07,Dry,Evening
fwp-576591,2026-2027,2026-09-11,8,Flint Town United,Cardiff Metropolitan University,324.0,19:45,1.0,1.0,14.4,0.0,6.4,https://www.footballwebpages.co.uk/match/2026-2027/cymru-premier/flint-town-united/cardiff-met/576591,Football Web Pages,https://archive-api.open-meteo.com/v1/archive?latitude=53.24923&longitude=-3.1257927&start_date=2026-09-11&end_date=2026-09-19&hourly=temperature_2m%2Cprecipitation%2Cwind_speed_10m&timezone=Europe%2FLondon,2026-09-20,Friday,2026-09-07,Dry,Evening
fwp-576592,2026-2027,2026-09-11,8,Haverfordwest County,Briton Ferry Llansawel,586.0,19:45,3.0,1.0,15.2,0.0,4.8,https://www.footballwebpages.co.uk/match/2026-2027/cymru-premier/haverfordwest-county/briton-ferry-llansawel/576592,Football Web Pages,https://archive-api.open-meteo.com/v1/archive?latitude=51.8092116&longitude=-4.9675328&start_date=2026-09-11&end_date=2026-09-19&hourly=temperature_2m%2Cprecipitation%2Cwind_speed_10m&timezone=Europe%2FLondon,2026-09-20,Friday,2026-09-07,Dry,Evening
fwp-576593,2026-2027,2026-09-11,8,Trefelin Boys & Girls Club,Penybont FC,785.0,19:45,0.0,1.0,15.9,0.1,9.8,https://www.footballwebpages.co.uk/match/2026-2027/cymru-premier/trefelin-bgc/penybont/576593,Football Web Pages,https://archive-api.open-meteo.com/v1/archive?latitude=51.6067128&longitude=-3.7725382&start_date=2026-09-11&end_date=2026-09-19&hourly=temperature_2m%2Cprecipitation%2Cwind_speed_10m&timezone=Europe%2FLondon,2026-09-20,Friday,2026-09-07,Dry,Evening
fwp-591166,2026-2027,2026-09-12,8,Colwyn Bay,Connah's Quay Nomads,1102.0,17:30,2.0,1.0,19.9,0.1,18.5,https://www.footballwebpages.co.uk/match/2026-2027/cymru-premier/colwyn-bay/connahs-quay-nomads/591166,Football Web Pages,https://archive-api.open-meteo.com/v1/archive?latitude=53.2765046&longitude=-3.7014523&start_date=2026-09-11&end_date=2026-09-19&hourly=temperature_2m%2Cprecipitation%2Cwind_speed_10m&timezone=Europe%2FLondon,2026-09-20,Saturday,2026-09-07,Dry,Evening
fwp-576594,2026-2027,2026-09-15,9,Barry Town United,Ammanford AFC,587.0,19:45,2.0,2.0,16.3,0.1,17.9,https://www.footballwebpages.co.uk/match/2026-2027/cymru-premier/barry-town-united/ammanford/576594,Football Web Pages,https://archive-api.open-meteo.com/v1/archive?latitude=51.4109137&longitude=-3.2657803&start_date=2026-09-11&end_date=2026-09-19&hourly=temperature_2m%2Cprecipitation%2Cwind_speed_10m&timezone=Europe%2FLondon,2026-09-20,Tuesday,2026-09-14,Dry,Evening
fwp-576595,2026-2027,2026-09-15,9,Connah's Quay Nomads,Airbus UK Broughton,229.0,19:45,3.0,0.0,14.9,0.3,19.6,https://www.footballwebpages.co.uk/match/2026-2027/cymru-premier/connahs-quay-nomads/airbus-uk-broughton/576595,Football Web Pages,https://archive-api.open-meteo.com/v1/archive?latitude=53.225118&longitude=-3.0767897&start_date=2026-09-11&end_date=2026-09-19&hourly=temperature_2m%2Cprecipitation%2Cwind_speed_10m&timezone=Europe%2FLondon,2026-09-20,Tuesday,2026-09-14,Dry,Evening
fwp-576596,2026-2027,2026-09-15,9,Holywell Town,Colwyn Bay,562.0,19:45,0.0,5.0,14.2,0.4,19.5,https://www.footballwebpages.co.uk/match/2026-2027/cymru-premier/holywell-town/colwyn-bay/576596,Football Web Pages,https://archive-api.open-meteo.com/v1/archive?latitude=53.2620423&longitude=-3.2102181&start_date=2026-09-11&end_date=2026-09-19&hourly=temperature_2m%2Cprecipitation%2Cwind_speed_10m&timezone=Europe%2FLondon,2026-09-20,Tuesday,2026-09-14,Dry,Evening
fwp-576597,2026-2027,2026-09-15,9,Llandudno FC,Caernarfon Town,723.0,19:45,1.0,1.0,15.1,0.5,16.8,https://www.footballwebpages.co.uk/match/2026-2027/cymru-premier/llandudno/caernarfon-town/576597,Football Web Pages,https://archive-api.open-meteo.com/v1/archive?latitude=53.3157606&longitude=-3.8297452&start_date=2026-09-11&end_date=2026-09-19&hourly=temperature_2m%2Cprecipitation%2Cwind_speed_10m&timezone=Europe%2FLondon,2026-09-20,Tuesday,2026-09-14,Dry,Evening
fwp-576598,2026-2027,2026-09-15,9,Penybont FC,Briton Ferry Llansawel,570.0,19:45,3.0,2.0,15.6,0.4,16.6,https://www.footballwebpages.co.uk/match/2026-2027/cymru-premier/penybont/briton-ferry-llansawel/576598,Football Web Pages,https://archive-api.open-meteo.com/v1/archive?latitude=51.5127492&longitude=-3.6089016&start_date=2026-09-11&end_date=2026-09-19&hourly=temperature_2m%2Cprecipitation%2Cwind_speed_10m&timezone=Europe%2FLondon,2026-09-20,Tuesday,2026-09-14,Dry,Evening
fwp-576599,2026-2027,2026-09-15,9,The New Saints,Flint Town United,314.0,19:45,5.0,0.0,14.4,0.1,16.1,https://www.footballwebpages.co.uk/match/2026-2027/cymru-premier/the-new-saints/flint-town-united/576599,Football Web Pages,https://archive-api.open-meteo.com/v1/archive?latitude=52.8753854&longitude=-3.0264184&start_date=2026-09-11&end_date=2026-09-19&hourly=temperature_2m%2Cprecipitation%2Cwind_speed_10m&timezone=Europe%2FLondon,2026-09-20,Tuesday,2026-09-14,Dry,Evening
fwp-576600,2026-2027,2026-09-15,9,Trefelin Boys & Girls Club,Cambrian United,491.0,19:45,0.0,4.0,15.0,0.5,9.6,https://www.footballwebpages.co.uk/match/2026-2027/cymru-premier/trefelin-bgc/cambrian-united/576600,Football Web Pages,https://archive-api.open-meteo.com/v1/archive?latitude=51.6067128&longitude=-3.7725382&start_date=2026-09-11&end_date=2026-09-19&hourly=temperature_2m%2Cprecipitation%2Cwind_speed_10m&timezone=Europe%2FLondon,2026-09-20,Tuesday,2026-09-14,Dry,Evening
fwp-576601,2026-2027,2026-09-18,10,Airbus UK Broughton,Flint Town United,396.0,19:45,4.0,1.0,16.3,1.6,24.6,https://www.footballwebpages.co.uk/match/2026-2027/cymru-premier/airbus-uk-broughton/flint-town-united/576601,Football Web Pages,https://archive-api.open-meteo.com/v1/archive?latitude=53.17202&longitude=-2.97965&start_date=2026-09-11&end_date=2026-09-19&hourly=temperature_2m%2Cprecipitation%2Cwind_speed_10m&timezone=Europe%2FLondon,2026-09-20,Friday,2026-09-14,Wet,Evening
fwp-576602,2026-2027,2026-09-18,10,Ammanford AFC,Penybont FC,405.0,19:45,1.0,5.0,16.1,1.5,25.7,https://www.footballwebpages.co.uk/match/2026-2027/cymru-premier/ammanford/penybont/576602,Football Web Pages,https://archive-api.open-meteo.com/v1/archive?latitude=51.79754&longitude=-3.99634&start_date=2026-09-11&end_date=2026-09-19&hourly=temperature_2m%2Cprecipitation%2Cwind_speed_10m&timezone=Europe%2FLondon,2026-09-20,Friday,2026-09-14,Wet,Evening
fwp-576603,2026-2027,2026-09-18,10,Briton Ferry Llansawel,Trefelin Boys & Girls Club,812.0,19:45,1.0,1.0,16.4,1.4,25.5,https://www.footballwebpages.co.uk/match/2026-2027/cymru-premier/briton-ferry-llansawel/trefelin-bgc/576603,Football Web Pages,https://archive-api.open-meteo.com/v1/archive?latitude=51.6241253&longitude=-3.8178323&start_date=2026-09-11&end_date=2026-09-19&hourly=temperature_2m%2Cprecipitation%2Cwind_speed_10m&timezone=Europe%2FLondon,2026-09-20,Friday,2026-09-14,Wet,Evening
fwp-576604,2026-2027,2026-09-18,10,Caernarfon Town,Cambrian United,1010.0,19:45,9.0,1.0,16.3,4.4,32.8,https://www.footballwebpages.co.uk/match/2026-2027/cymru-premier/caernarfon-town/cambrian-united/576604,Football Web Pages,https://archive-api.open-meteo.com/v1/archive?latitude=53.1346589&longitude=-4.2674794&start_date=2026-09-11&end_date=2026-09-19&hourly=temperature_2m%2Cprecipitation%2Cwind_speed_10m&timezone=Europe%2FLondon,2026-09-20,Friday,2026-09-14,Heavy rain,Evening
fwp-576605,2026-2027,2026-09-18,10,Colwyn Bay,Barry Town United,848.0,19:45,5.0,2.0,15.9,3.2,29.2,https://www.footballwebpages.co.uk/match/2026-2027/cymru-premier/colwyn-bay/barry-town-united/576605,Football Web Pages,https://archive-api.open-meteo.com/v1/archive?latitude=53.2765046&longitude=-3.7014523&start_date=2026-09-11&end_date=2026-09-19&hourly=temperature_2m%2Cprecipitation%2Cwind_speed_10m&timezone=Europe%2FLondon,2026-09-20,Friday,2026-09-14,Wet,Evening
fwp-576606,2026-2027,2026-09-18,10,Connah's Quay Nomads,Cardiff Metropolitan University,243.0,19:45,1.0,0.0,16.3,1.6,27.1,https://www.footballwebpages.co.uk/match/2026-2027/cymru-premier/connahs-quay-nomads/cardiff-met/576606,Football Web Pages,https://archive-api.open-meteo.com/v1/archive?latitude=53.225118&longitude=-3.0767897&start_date=2026-09-11&end_date=2026-09-19&hourly=temperature_2m%2Cprecipitation%2Cwind_speed_10m&timezone=Europe%2FLondon,2026-09-20,Friday,2026-09-14,Wet,Evening
fwp-576607,2026-2027,2026-09-18,10,Haverfordwest County,Holywell Town,529.0,19:45,1.0,0.0,16.1,1.3,26.5,https://www.footballwebpages.co.uk/match/2026-2027/cymru-premier/haverfordwest-county/holywell-town/576607,Football Web Pages,https://archive-api.open-meteo.com/v1/archive?latitude=51.8092116&longitude=-4.9675328&start_date=2026-09-11&end_date=2026-09-19&hourly=temperature_2m%2Cprecipitation%2Cwind_speed_10m&timezone=Europe%2FLondon,2026-09-20,Friday,2026-09-14,Wet,Evening
fwp-591167,2026-2027,2026-09-19,10,The New Saints,Llandudno FC,,17:30,2.0,1.0,16.5,0.0,21.5,https://www.footballwebpages.co.uk/match/2026-2027/cymru-premier/the-new-saints/llandudno/591167,Football Web Pages,https://archive-api.open-meteo.com/v1/archive?latitude=52.8753854&longitude=-3.0264184&start_date=2026-09-11&end_date=2026-09-19&hourly=temperature_2m%2Cprecipitation%2Cwind_speed_10m&timezone=Europe%2FLondon,2026-09-20,Saturday,2026-09-14,Dry,Evening
